Name,Link
NVIDIA GeForce RTX 3090 24GB FE,https://www.bestbuy.com/site/nvidia-geforce-rtx-3090-24gb-gddr6x-pci-express-4-0-graphics-card-titanium-and-black/6429434.p?skuId=6429434
EVGA - GeForce RTX 3090 XC3 ULTRA GAMING, https://www.bestbuy.com/site/evga-geforce-rtx-3090-xc3-ultra-gaming-24gb-gddr6-pci-express-4-0-graphics-card/6434198.p?skuId=6434198
ASUS - GeForce RTX 3090, https://www.bestbuy.com/site/asus-geforce-rtx-3090-24gb-gddr6x-pci-express-4-0-strix-graphics-card-black/6432447.p?skuId=6432447
EVGA - GeForce RTX 3090 FTW3 GAMING,https://www.bestbuy.com/site/evga-geforce-rtx-3090-ftw3-gaming-24gb-gddr6-pci-express-4-0-graphics-card/6436193.p?skuId=6436193
ASUS - TUF RTX 3090, https://www.bestbuy.com/site/asus-tuf-rtx-3090-24gb-gddr6x-pci-express-4-0-graphics-card-black/6432446.p?skuId=6432446
MSI - NVIDIA Geforce RTX 3090 VENTUS 3X 24G OC BV,https://www.bestbuy.com/site/msi-nvidia-geforce-rtx-3090-ventus-3x-24g-oc-bv-24gb-gddr6x-pci-express-4-0-graphics-card-black-silver/6430215.p?skuId=6430215
EVGA - GeForce RTX 3090 FTW3 ULTRA GAMING, https://www.bestbuy.com/site/evga-geforce-rtx-3090-ftw3-ultra-gaming-24gb-gddr6-pci-express-4-0-graphics-card/6436192.p?skuId=6436192
GIGABYTE - NVIDIA GeForce RTX 3090 AORUS MASTER, https://www.bestbuy.com/site/gigabyte-nvidia-geforce-rtx-3090-aorus-master-24gb-gddr6x-pci-express-4-0-graphics-card/6437910.p?skuId=6437910
GIGABYTE - GeForce RTX 3090 EAGLE OC, https://www.bestbuy.com/site/gigabyte-geforce-rtx-3090-eagle-oc-24g-gddr6x-pci-express-4-0-graphics-card-black/6430624.p?skuId=6430624
GIGABYTE - NVIDIA GeForce RTX 3090 VISION, https://www.bestbuy.com/site/gigabyte-nvidia-geforce-rtx-3090-vision-24g-gddr6-pci-express-4-0-graphics-card/6445108.p?skuId=6445108
GIGABYTE - NVIDIA GeForce RTX 3090 GAMING OC, https://www.bestbuy.com/site/gigabyte-nvidia-geforce-rtx-3090-gaming-oc-24gb-gddr6x-pci-express-4-0-graphics-card/6430623.p?skuId=6430623
PNY GeForce RTX 3090 24GB XLR8 Gaming EPIC-X RGB Triple Fan, https://www.bestbuy.com/site/pny-geforce-rtx-3090-24gb-xlr8-gaming-epic-x-rgb-triple-fan-graphics-card/6432657.p?skuId=6432657
PNY GeForce RTX 3090 24GB XLR8 Gaming EPIC-X RGB Triple Fan,https://www.bestbuy.com/site/pny-geforce-rtx-3090-24gb-xlr8-gaming-epic-x-rgb-triple-fan-graphics-card/6432656.p?skuId=6432656